articleNo,articleName,tradeTypeName,floorInfo,dealOrWarrantPrc,area1,area2,direction,sameAddrMaxPrc
2548984784,대흥태영(마포태영),전세,3/22,"6억 2,000",83,59,남서향,"6억 2,000"
2549063042,대흥태영(마포태영),매매,20/22,"15억 5,000",83,59,남동향,"15억 5,000"
2548981354,대흥태영(마포태영),매매,18/18,24억,142,114,남서향,24억
2548979332,대흥태영(마포태영),전세,1/22,"7억 8,000",109,84,남동향,8억
2548970233,대흥태영(마포태영),매매,6/18,"23억 3,000",142,114,남서향,"23억 3,000"
2548992699,대흥태영(마포태영),전세,8/20,"6억 2,000",83,59,남동향,"6억 5,000"
2548967792,대흥태영(마포태영),전세,1/22,8억,109,84,남동향,8억
2548937121,대흥태영(마포태영),전세,1/22,8억,109,84,남동향,8억
2548730188,대흥태영(마포태영),매매,20/22,"15억 5,000",83,59,남동향,"15억 5,000"
2548738734,대흥태영(마포태영),전세,1/22,"7억 8,000",109,84,남동향,8억
2548749395,대흥태영(마포태영),전세,3/22,"6억 2,000",83,59,남서향,"6억 2,000"
2548793131,대흥태영(마포태영),매매,6/18,"22억 5,000",142,114,남서향,"22억 5,000"
2548793364,대흥태영(마포태영),전세,6/18,11억,142,114,남서향,11억
2548706147,대흥태영(마포태영),전세,8/20,"6억 2,000",83,59,남동향,"6억 5,000"
2548481080,대흥태영(마포태영),매매,18/18,24억,142,114,남서향,24억
2548706173,대흥태영(마포태영),전세,8/20,"6억 4,000",83,59,남동향,"6억 5,000"
2548599873,대흥태영(마포태영),매매,6/18,"23억 3,000",142,114,남서향,"23억 3,000"
2548019992,대흥태영(마포태영),매매,1/22,"18억 5,000",109,84,남동향,"18억 5,000"
2548039529,대흥태영(마포태영),전세,3/22,"6억 2,000",83,59,남서향,"6억 2,000"
2548950295,대흥태영(마포태영),전세,1/22,"7억 8,000",109,84,남동향,8억
2547783850,대흥태영(마포태영),매매,21/22,"15억 4,000",83,59,남동향,"15억 4,000"
2547932417,대흥태영(마포태영),전세,8/23,"6억 5,000",83,59,남서향,"6억 5,000"
2548700893,대흥태영(마포태영),전세,1/22,"7억 8,000",109,84,남동향,8억
2547581872,대흥태영(마포태영),전세,25/25,9억,109,84,남서향,9억
2547373631,대흥태영(마포태영),전세,25/25,9억,109,84,남서향,9억
2548232681,대흥태영(마포태영),전세,1/22,"7억 8,000",109,84,남동향,8억
2549021598,대흥태영(마포태영),전세,1/22,"7억 8,000",109,84,남동향,8억
2548997736,대흥태영(마포태영),전세,1/22,"7억 8,000",109,84,남동향,8억
2548924868,대흥태영(마포태영),매매,18/18,24억,142,114,남서향,24억
2548924578,대흥태영(마포태영),전세,6/18,11억,142,114,남서향,11억
2548732178,대흥태영(마포태영),전세,1/22,8억,109,84,남동향,8억
2548755216,대흥태영(마포태영),전세,1/22,"7억 8,000",109,84,남동향,8억
2548700964,대흥태영(마포태영),전세,6/18,11억,142,114,남서향,11억
2548731119,대흥태영(마포태영),매매,6/18,"23억 3,000",142,114,남서향,"23억 3,000"
2548755696,대흥태영(마포태영),전세,6/18,11억,142,114,남서향,11억
2548731432,대흥태영(마포태영),매매,18/18,24억,142,114,남서향,24억
2548719886,대흥태영(마포태영),매매,18/18,24억,142,114,남서향,24억
2548700825,대흥태영(마포태영),매매,6/18,"23억 3,000",142,114,남서향,"23억 3,000"
2548691693,대흥태영(마포태영),매매,20/22,"15억 5,000",83,59,남동향,"15억 5,000"
2548588674,대흥태영(마포태영),전세,6/18,11억,142,114,남서향,11억
2548448571,대흥태영(마포태영),전세,1/22,8억,109,84,남동향,8억
2548549305,대흥태영(마포태영),매매,18/18,24억,142,114,남서향,24억
2548450201,대흥태영(마포태영),매매,6/18,"23억 3,000",142,114,남서향,"23억 3,000"
2548548556,대흥태영(마포태영),매매,6/18,"23억 3,000",142,114,남서향,"23억 3,000"
2548449495,대흥태영(마포태영),매매,18/18,24억,142,114,남서향,24억
2548465346,대흥태영(마포태영),매매,18/18,24억,142,114,남서향,24억
2548588322,대흥태영(마포태영),매매,6/18,"23억 3,000",142,114,남서향,"23억 3,000"
2548588562,대흥태영(마포태영),매매,18/18,24억,142,114,남서향,24억
2548467577,대흥태영(마포태영),전세,1/22,8억,109,84,남동향,8억
2546733129,대흥태영(마포태영),전세,25/25,9억,109,84,남서향,9억
2548182300,대흥태영(마포태영),전세,1/22,8억,109,84,남서향,8억
2548232560,대흥태영(마포태영),매매,18/18,24억,142,114,남서향,24억
2548257154,대흥태영(마포태영),매매,20/22,"15억 5,000",83,59,남동향,"15억 5,000"
2548232156,대흥태영(마포태영),매매,20/22,"15억 5,000",83,59,남동향,"15억 5,000"
2548255390,대흥태영(마포태영),전세,6/18,11억,142,114,남서향,11억
2548255691,대흥태영(마포태영),매매,6/18,"23억 3,000",142,114,남서향,"23억 3,000"
2548135446,대흥태영(마포태영),매매,6/18,"23억 3,000",142,114,남서향,"23억 3,000"
2548130150,대흥태영(마포태영),매매,20/22,"15억 5,000",83,59,남동향,"15억 5,000"
2548135998,대흥태영(마포태영),매매,18/18,24억,142,114,남서향,24억
2548090305,대흥태영(마포태영),전세,6/18,11억,142,114,남서향,11억
2548044916,대흥태영(마포태영),매매,18/18,24억,142,114,남서향,24억
2548069928,대흥태영(마포태영),전세,6/18,11억,142,114,남서향,11억
2548073609,대흥태영(마포태영),전세,1/22,"7억 8,000",109,84,남동향,8억
2545991378,대흥태영(마포태영),전세,7/18,"8억 8,000",109,84,남서향,"8억 8,000"
2547858600,대흥태영(마포태영),매매,18/18,24억,142,114,남서향,24억
2547869129,대흥태영(마포태영),매매,6/18,"23억 3,000",142,114,남서향,"23억 3,000"
2547478483,대흥태영(마포태영),전세,6/18,11억,142,114,남서향,11억
2547360545,대흥태영(마포태영),전세,1/22,"7억 8,000",109,84,남동향,8억
2547339806,대흥태영(마포태영),전세,1/22,8억,109,84,남동향,8억
2547475593,대흥태영(마포태영),전세,1/22,"7억 8,000",109,84,남동향,8억
2546326202,대흥태영(마포태영),전세,중/18,"8억 8,000",109,84,남서향,"8억 8,000"
2546933180,대흥태영(마포태영),매매,6/18,"23억 3,000",142,114,남서향,"23억 3,000"
2544734694,대흥태영(마포태영),매매,21/22,"15억 4,000",83,59,남동향,"15억 4,000"
2546432206,대흥태영(마포태영),매매,18/18,24억,142,114,남서향,24억
2546430219,대흥태영(마포태영),매매,6/18,"23억 3,000",142,114,남서향,"23억 3,000"
2546340816,대흥태영(마포태영),매매,18/18,24억,142,114,남서향,24억
2546340187,대흥태영(마포태영),매매,6/18,"23억 3,000",142,114,남서향,"23억 3,000"
2546003087,대흥태영(마포태영),매매,21/22,"15억 4,000",83,59,남동향,"15억 4,000"
2546278036,대흥태영(마포태영),전세,8/20,"6억 5,000",83,59,남동향,"6억 5,000"
2545775497,대흥태영(마포태영),전세,1/22,"7억 8,000",109,84,남동향,8억
2543716502,대흥태영(마포태영),매매,4/18,24억,142,114,남서향,24억
2545522040,대흥태영(마포태영),매매,18/18,24억,142,114,남서향,24억
2543379206,대흥태영(마포태영),전세,7/18,"8억 8,000",109,84,남서향,"8억 8,000"
2545343773,대흥태영(마포태영),전세,1/22,8억,109,84,남동향,8억
2544890350,대흥태영(마포태영),매매,18/18,24억,142,114,남서향,24억
2544851300,대흥태영(마포태영),매매,18/18,24억,142,114,남서향,24억
2544298238,대흥태영(마포태영),전세,6/18,11억,142,114,남서향,11억
2543787910,대흥태영(마포태영),전세,1/22,8억,109,84,남동향,8억
2548258374,대흥태영(마포태영),매매,20/22,"15억 5,000",83,59,남동향,"15억 5,000"
2544741234,대흥태영(마포태영),매매,21/22,"15억 4,000",83,59,남동향,"15억 4,000"
2549022044,도화현대1차,매매,중/15,"19억 9,000",168,147,남동향,"19억 9,000"
2548535318,도화현대1차,매매,중/15,"19억 9,000",168,147,남동향,"19억 9,000"
2549019601,도화현대1차,매매,4/15,"16억 5,000",148,128,남향,"16억 5,000"
2546884184,도화현대1차,매매,4/15,"16억 5,000",148,128,남향,"16억 5,000"
2547424051,도화현대1차,매매,저/15,11억,75,54,동향,11억
2547445901,도화현대1차,매매,중/15,"19억 9,000",168,147,남동향,"19억 9,000"
2548642946,도화현대1차,매매,저/15,"16억 5,000",148,128,남동향,"16억 5,000"
2549033954,삼성,전세,1/17,10억,158,136,남동향,10억
2548062796,삼성,전세,1/17,10억,158,136,남동향,10억
2548220537,삼성,전세,16/17,7억,90,72,남서향,7억
2548345519,삼성,매매,15/17,22억,158,136,남동향,22억
2548000093,삼성,전세,16/17,7억,90,72,남동향,7억
2547929575,삼성,전세,6/17,"6억 7,000",90,72,남서향,"6억 7,000"
2547755592,삼성,전세,16/17,7억,90,72,남서향,7억
2547424631,삼성,매매,3/17,"16억 1,000",90,72,남동향,"16억 1,000"
2548839251,삼성,매매,15/17,22억,158,136,남동향,22억
2546565511,삼성,매매,3/17,"16억 1,000",90,72,남동향,"16억 1,000"
2547450773,삼성,매매,3/17,"16억 1,000",90,72,남서향,"16억 1,000"
2547371208,삼성,전세,저/17,10억,158,136,남동향,10억
2547496023,삼성,매매,고/17,"18억 5,000",104,84,남서향,"18억 5,000"
2547450275,삼성,매매,3/17,"16억 1,000",90,72,남동향,"16억 1,000"
2545270482,삼성,매매,14/17,23억,159,136,남동향,23억
2545013292,삼성,전세,저/17,"11억 5,000",159,136,남동향,"11억 5,000"
2548529384,삼성,전세,고/17,7억,90,72,남서향,7억
2548897783,월드메르디앙,매매,17/27,"7억 7,000",131,101,남향,"7억 7,000"
2548887893,월드메르디앙,매매,6/30,"8억 6,000",191,155,남향,"8억 6,000"
2548969890,월드메르디앙,매매,1/30,"6억 8,000",118,84,남향,"6억 8,000"
2548948895,월드메르디앙,매매,1/30,"6억 8,000",118,84,남향,"6억 8,000"
2548948347,월드메르디앙,매매,10/27,"6억 3,500",105,76,남향,"6억 3,500"
2548855270,월드메르디앙,매매,7/30,"6억 8,000",118,84,남향,"6억 8,000"
2548760411,월드메르디앙,매매,1/30,"6억 8,000",118,84,남향,"6억 8,000"
2548616997,월드메르디앙,매매,1/30,"6억 8,000",118,84,남향,"6억 8,000"
2548337312,월드메르디앙,매매,7/21,7억,118,84,남향,7억
2548585369,월드메르디앙,전세,30/30,"5억 5,000",156,122,남향,"5억 5,000"
2548558880,월드메르디앙,매매,7/25,"8억 5,000",191,155,남향,"8억 5,000"
2548339632,월드메르디앙,매매,30/30,10억,191,155,남향,10억
2548339070,월드메르디앙,매매,1/26,"6억 5,300",105,76,남향,"6억 5,300"
2548295090,월드메르디앙,매매,1/30,"6억 8,000",118,84,남향,"6억 8,000"
2548222901,월드메르디앙,매매,30/30,9억,156,122,남향,9억
2548027167,월드메르디앙,매매,30/30,9억,156,122,남향,9억
2548094682,월드메르디앙,매매,10/26,"6억 5,000",105,76,남향,"6억 5,000"
2548193091,월드메르디앙,매매,17/30,8억,156,122,남향,8억
2548967010,월드메르디앙,매매,고/30,"6억 7,000",113,84,남향,"6억 8,000"
2548974249,월드메르디앙,매매,중/30,7억,118,84,남향,7억
2548953800,월드메르디앙,매매,저/30,"8억 6,000",191,155,남향,"8억 6,000"
2548956623,월드메르디앙,매매,중/26,"6억 6,000",105,76,남향,"6억 6,000"
2547597570,월드메르디앙,매매,3/30,"6억 9,000",118,84,남동향,"6억 9,000"
2547597993,월드메르디앙,매매,25/26,7억,105,76,남향,7억
2547661123,월드메르디앙,매매,27/27,8억,131,101,남향,8억
2548731479,월드메르디앙,매매,고/26,7억,105,76,남향,7억
2548855609,월드메르디앙,매매,중/30,"6억 6,000",113,84,남향,"6억 6,000"
2547524642,월드메르디앙,매매,7/30,"6억 8,000",118,84,남향,"6억 8,000"
2547449061,월드메르디앙,전세,1/30,"4억 5,000",118,84,남향,"4억 5,000"
2548506326,월드메르디앙,매매,중/30,7억,118,84,남향,7억
2548598132,월드메르디앙,매매,저/30,7억,118,84,남향,7억
2548611253,월드메르디앙,매매,저/27,"6억 5,000",105,76,남향,"6억 5,000"
2548530693,월드메르디앙,매매,중/30,"6억 5,000",113,84,남향,"6억 5,000"
2548500683,월드메르디앙,매매,저/28,"6억 9,000",118,84,남향,"6억 9,000"
2548541123,월드메르디앙,매매,중/30,8억,156,122,서향,8억
2548503440,월드메르디앙,매매,중/30,7억,118,84,남향,7억
2548558297,월드메르디앙,매매,고/30,"7억 5,000",131,101,남향,"7억 5,000"
2548559848,월드메르디앙,매매,중/25,8억,191,155,남향,8억
2548301160,월드메르디앙,매매,저/30,"6억 7,000",113,84,남서향,"6억 7,000"
2546968700,월드메르디앙,매매,17/30,8억,156,122,남향,8억
2546915117,월드메르디앙,전세,1/30,"4억 5,000",118,84,남향,"4억 5,000"
2548178829,월드메르디앙,매매,중/30,7억,118,84,남향,7억
2546788577,월드메르디앙,매매,9/27,"6억 9,000",105,76,남향,"6억 9,000"
2546702825,월드메르디앙,매매,17/30,8억,156,122,남향,8억
2546702428,월드메르디앙,매매,6/30,"6억 7,000",113,84,남향,"6억 7,000"
2546596380,월드메르디앙,매매,17/30,8억,156,122,남서향,8억
2547660372,월드메르디앙,매매,고/30,"7억 7,000",118,84,남향,"7억 7,000"
2546119282,월드메르디앙,매매,17/30,8억,156,122,남서향,8억
2546096951,월드메르디앙,전세,30/30,"5억 5,000",156,122,남향,"5억 5,000"
2545733904,월드메르디앙,매매,6/30,"8억 6,000",191,155,남향,"8억 6,000"
2545743063,월드메르디앙,전세,1/30,"4억 5,000",118,84,남향,"4억 5,000"
2545755220,월드메르디앙,전세,12/30,"5억 3,000",118,84,남향,"5억 3,000"
2545753355,월드메르디앙,전세,30/30,"5억 5,000",156,122,남향,"5억 5,000"
2548949537,월드메르디앙,전세,고/27,"5억 5,000",131,101,남향,"5억 5,000"
2545391781,월드메르디앙,매매,17/27,"6억 8,000",105,76,남향,"6억 8,000"
2546912321,월드메르디앙,매매,중/26,"6억 6,000",105,76,남향,"6억 6,000"
2546913198,월드메르디앙,매매,고/27,"7억 6,000",131,101,남향,"7억 6,000"
2546944015,월드메르디앙,매매,중/30,7억,118,84,남향,7억
2548854854,월드메르디앙,매매,중/30,8억,156,122,남서향,8억
2546785076,월드메르디앙,매매,중/30,8억,156,122,남서향,8억
2545298487,월드메르디앙,전세,1/30,"4억 5,000",118,84,남향,"4억 5,000"
2545394326,월드메르디앙,매매,15/30,8억,156,122,남서향,8억
2545394771,월드메르디앙,매매,7/25,"8억 5,000",191,155,남향,"8억 5,000"
2545393004,월드메르디앙,매매,2/30,"6억 7,000",113,84,남향,"6억 7,000"
2545651971,월드메르디앙,매매,26/26,"7억 3,000",105,76,남향,"7억 3,000"
2545299148,월드메르디앙,전세,30/30,"5억 5,000",156,122,남향,"5억 5,000"
2547455416,월드메르디앙,매매,2/27,"6억 6,000",131,101,남향,"6억 6,000"
2546355566,월드메르디앙,매매,고/30,"7억 5,000",131,101,남향,"7억 5,000"
2544930607,월드메르디앙,매매,17/30,8억,156,122,남서향,8억
2546081373,월드메르디앙,매매,고/28,"7억 2,000",118,84,남향,"7억 2,000"
2544805379,월드메르디앙,매매,26/26,"7억 3,000",105,76,남향,"7억 3,000"
2544791763,월드메르디앙,매매,26/26,"7억 3,000",105,76,남향,"7억 3,000"
2545795601,월드메르디앙,매매,중/30,"6억 9,000",118,84,남향,"6억 9,000"
2545739714,월드메르디앙,매매,저/30,"6억 7,000",113,84,남향,"6억 7,000"
2544458873,월드메르디앙,매매,10/27,"6억 3,500",105,76,남향,"6억 3,500"
2546912830,월드메르디앙,전세,저/30,"6억 2,000",230,189,남향,"6억 2,000"
2544556283,월드메르디앙,매매,17/30,8억,156,122,남서향,8억
2544143946,월드메르디앙,매매,10/27,"6억 3,500",105,76,남향,"6억 3,500"
2544166034,월드메르디앙,전세,1/30,"4억 5,000",118,84,남향,"4억 5,000"
2543937414,월드메르디앙,매매,3/30,"6억 9,000",118,84,남동향,"6억 9,000"
2543935147,월드메르디앙,매매,3/30,"6억 9,000",118,84,남동향,"6억 9,000"
2543996368,월드메르디앙,매매,6/30,"8억 6,000",191,155,남향,"8억 6,000"
2545009488,월드메르디앙,매매,저/27,"6억 7,000",131,101,남향,"6억 7,000"
2545138318,월드메르디앙,매매,고/30,"6억 6,000",113,84,남향,"6억 6,000"
2543717101,월드메르디앙,매매,3/30,"6억 9,000",118,84,남동향,"6억 9,000"
2543935244,월드메르디앙,매매,7/25,"8억 5,000",191,155,남향,"8억 5,000"
2544929706,월드메르디앙,매매,중/25,8억,191,155,남향,8억
2544928488,월드메르디앙,매매,고/30,"7억 5,000",131,101,남향,"7억 5,000"
2544938573,월드메르디앙,매매,중/30,8억,156,122,남향,8억
2543317905,월드메르디앙,매매,3/30,"6억 9,000",118,84,남동향,"6억 9,000"
2543312349,월드메르디앙,전세,12/30,"5억 3,000",118,84,남향,"5억 3,000"
2544394712,월드메르디앙,전세,고/30,"5억 5,000",156,122,남향,"5억 5,000"
2544427484,월드메르디앙,매매,저/30,"9억 5,000",230,189,남향,"9억 5,000"
2544532259,월드메르디앙,매매,고/27,"6억 8,000",105,76,남향,"6억 8,000"
2544458816,월드메르디앙,매매,중/30,8억,156,122,남향,8억
2544647935,월드메르디앙,매매,고/30,"6억 8,000",113,84,남향,"6억 8,000"
2543960196,월드메르디앙,매매,고/30,"6억 8,000",113,84,남향,"6억 8,000"
2543651783,월드메르디앙,매매,고/28,"7억 2,000",118,84,남향,"7억 2,000"
2544355741,월드메르디앙,매매,10/27,"6억 3,500",105,76,남향,"6억 3,500"
2543079736,월드메르디앙,전세,고/30,6억,230,189,남향,6억
2543078536,월드메르디앙,매매,중/28,7억,118,84,남향,7억
2543135346,월드메르디앙,매매,고/30,"7억 7,000",118,84,남향,"7억 7,000"
2543075256,월드메르디앙,매매,중/30,"6억 7,000",113,84,남향,"6억 7,000"
2544867709,월드메르디앙,매매,중/25,"8억 7,000",191,155,남향,"8억 7,000"
2548594757,월드메르디앙,매매,고/30,"7억 7,000",118,84,남향,"7억 7,000"
2548553349,월드메르디앙,전세,1/30,"4억 5,000",118,84,남향,"4억 5,000"
2548595261,월드메르디앙,매매,중/26,"6억 5,000",105,76,남향,"6억 5,000"
2548555180,월드메르디앙,매매,1/30,"6억 8,000",118,84,남향,"6억 8,000"
2548613226,월드메르디앙,매매,저/27,"6억 5,000",105,76,남향,"6억 5,000"
2548194294,월드메르디앙,매매,중/25,8억,191,155,남향,8억
2548185704,월드메르디앙,매매,중/30,7억,118,84,남향,7억
2547211883,월드메르디앙,전세,1/30,"4억 5,000",118,84,남향,"4억 5,000"
2547212977,월드메르디앙,매매,1/30,"6억 8,000",118,84,남향,"6억 8,000"
2547123364,월드메르디앙,매매,중/30,"6억 9,000",118,84,남동향,"6억 9,000"
2547214296,월드메르디앙,매매,중/26,"6억 5,000",105,76,남향,"6억 5,000"
2543133238,월드메르디앙,매매,3/30,"6억 9,000",118,84,남동향,"6억 9,000"
2543137339,월드메르디앙,매매,저/27,"7억 1,000",131,101,남향,"7억 1,000"
2543103558,월드메르디앙,매매,저/30,7억,118,84,남향,7억
2543137066,월드메르디앙,매매,27/27,8억,131,101,남향,8억
2543103919,월드메르디앙,매매,중/30,8억,156,122,남향,8억
2543099871,월드메르디앙,매매,10/27,"6억 3,500",105,76,남향,"6억 3,500"
2548968307,마포자이,매매,4/19,25억,108,84,남동향,25억
2548936847,마포자이,매매,4/19,25억,108,84,남동향,25억
2548893933,마포자이,매매,7/19,"25억 5,000",108,84,남동향,"25억 5,000"
2548801543,마포자이,매매,13/25,"29억 5,000",189,157,남서향,"29억 5,000"
2548991118,마포자이,매매,7/19,"25억 5,000",108,84,남동향,"25억 5,000"
2548786949,마포자이,매매,7/19,"25억 5,000",108,84,남서향,"25억 5,000"
2548765782,마포자이,매매,11/20,25억,108,84,남동향,25억
2548550019,마포자이,매매,5/19,27억,135,113,남동향,27억
2548556346,마포자이,매매,7/19,"25억 5,000",108,84,남동향,"25억 5,000"
2548800861,마포자이,매매,고/25,29억,189,157,남서향,29억
2548712611,마포자이,매매,중/20,"27억 5,000",135,113,남동향,"27억 5,000"
2547420766,마포자이,매매,11/20,25억,108,84,남동향,25억
2547334951,마포자이,매매,5/19,27억,135,113,남동향,27억
2548445280,마포자이,매매,중/25,"26억 5,000",135,113,남서향,"26억 5,000"
2548757956,마포자이,매매,4/19,25억,108,84,남동향,25억
2548924715,마포자이,매매,14/19,"25억 3,000",108,84,남동향,"25억 3,000"
2548924743,마포자이,매매,4/19,25억,108,84,남동향,25억
2549048489,마포자이,매매,13/25,"29억 5,000",189,157,남서향,"29억 5,000"
2548924779,마포자이,매매,7/19,"25억 5,000",108,84,남동향,"25억 5,000"
2548989847,마포자이,매매,14/19,"25억 3,000",108,84,남동향,"25억 3,000"
2548721108,마포자이,매매,7/19,"25억 5,000",108,84,남동향,"25억 5,000"
2548713152,마포자이,매매,14/19,"25억 3,000",108,84,남동향,"25억 3,000"
2548721276,마포자이,매매,14/19,"25억 3,000",108,84,남동향,"25억 3,000"
2548795626,마포자이,매매,14/19,"25억 3,000",108,84,남동향,"25억 3,000"
2548795215,마포자이,매매,7/19,"25억 5,000",108,84,남동향,"25억 5,000"
2548720906,마포자이,매매,13/25,"29억 5,000",189,157,남서향,"29억 5,000"
2548171377,마포자이,매매,중/25,"26억 5,000",135,113,남서향,"26억 5,000"
2548777861,마포자이,매매,4/19,25억,108,84,남동향,25억
2548738033,마포자이,매매,5/19,27억,135,113,남동향,27억
2548712568,마포자이,매매,7/19,"25억 5,000",108,84,남동향,"25억 5,000"
2548592274,마포자이,매매,5/19,27억,135,113,남동향,27억
2548388182,마포자이,매매,14/19,"25억 3,000",108,84,남동향,"25억 3,000"
2548462503,마포자이,매매,4/19,25억,108,84,남동향,25억
2548592060,마포자이,매매,14/19,"25억 3,000",108,84,남동향,"25억 3,000"
2548555366,마포자이,매매,14/19,"25억 3,000",108,84,남동향,"25억 3,000"
2548390315,마포자이,매매,13/25,"29억 5,000",189,157,남서향,"29억 5,000"
2548388273,마포자이,매매,7/19,"25억 5,000",108,84,남동향,"25억 5,000"
2548587443,마포자이,매매,7/19,"25억 5,000",108,84,남동향,"25억 5,000"
2547814004,마포자이,매매,7/19,"25억 5,000",108,84,남동향,"25억 5,000"
2547824485,마포자이,매매,5/19,27억,135,113,남동향,27억
2548219600,마포자이,매매,4/19,25억,108,84,남서향,25억
2548267390,마포자이,매매,13/25,"29억 5,000",189,157,남서향,"29억 5,000"
2547683172,마포자이,매매,14/19,"25억 3,000",108,84,남동향,"25억 3,000"
2547756986,마포자이,매매,13/25,"29억 5,000",189,157,남서향,"29억 5,000"
2547713004,마포자이,매매,7/19,"25억 5,000",108,84,남동향,"25억 5,000"
2548796364,마포자이,매매,저/19,27억,135,113,남동향,27억
2547339917,마포자이,매매,5/19,27억,135,113,남동향,27억
2546618498,마포자이,매매,고/25,29억,189,157,남서향,29억
2546980103,마포자이,매매,7/19,"25억 5,000",108,84,남서향,"25억 5,000"
2547253261,마포자이,매매,7/19,"25억 5,000",108,84,남서향,"25억 5,000"
2546910670,마포자이,매매,7/19,"25억 5,000",108,84,남동향,"25억 5,000"
2544583901,마포자이,매매,13/25,"29억 5,000",189,157,남서향,"29억 5,000"
2546789035,마포자이,매매,14/19,"25억 3,000",108,84,남동향,"25억 3,000"
2544365867,마포자이,매매,14/19,"25억 3,000",108,84,남동향,"25억 3,000"
2546002038,마포자이,매매,5/19,27억,135,113,남동향,27억
2544582930,마포자이,매매,고/25,29억,189,157,남서향,29억
2545092676,마포자이,매매,13/25,"29억 5,000",189,157,남서향,"29억 5,000"
2546521942,마포자이,매매,고/19,30억,135,113,남동향,30억
2543080859,마포자이,매매,13/25,"29억 5,000",189,157,남향,"29억 5,000"
2543081629,마포자이,매매,5/19,27억,135,113,남서향,27억
2543080256,마포자이,매매,5/19,27억,135,113,남동향,27억
2548488713,마포자이,매매,14/19,"25억 3,000",108,84,남동향,"25억 3,000"
2548383373,마포자이,매매,4/19,25억,108,84,남동향,25억
2547036992,마포자이,매매,7/19,"25억 5,000",108,84,남동향,"25억 5,000"
2549020278,현대홈타운,매매,18/20,15억,107,84,남서향,15억
2549020393,현대홈타운,매매,4/20,15억,107,84,남향,15억
2548727023,현대홈타운,매매,5/20,"13억 7,500",107,84,남향,"13억 7,500"
2548856540,현대홈타운,매매,4/20,15억,107,84,남향,15억
2548876136,현대홈타운,매매,2/20,"12억 2,000",79,59,동향,"12억 2,000"
2548511717,현대홈타운,매매,5/20,"13억 7,500",107,84,남향,"13억 7,500"
2548691423,현대홈타운,매매,4/20,15억,107,84,남향,15억
2548607969,현대홈타운,매매,1/20,"12억 5,000",107,84,남서향,"12억 5,000"
2548609363,현대홈타운,매매,4/20,15억,107,84,남향,15억
2548566886,현대홈타운,매매,4/20,15억,107,84,남향,15억
2548544385,현대홈타운,매매,2/20,"12억 2,000",79,59,동향,"12억 2,000"
2548631360,현대홈타운,매매,1/20,"12억 5,000",107,84,남서향,"12억 5,000"
2548381690,현대홈타운,매매,18/20,15억,107,84,남서향,15억
2548352782,현대홈타운,매매,18/20,15억,107,84,남서향,15억
2547878191,현대홈타운,매매,1/20,"12억 5,000",107,84,남서향,"12억 5,000"
2547885450,현대홈타운,매매,2/20,"12억 2,000",79,59,동향,"12억 2,000"
2547776388,현대홈타운,매매,4/20,15억,107,84,남향,15억
2547826693,현대홈타운,매매,3/20,14억,107,84,남서향,14억
2547612023,현대홈타운,매매,9/20,"14억 2,000",139,113,동향,"14억 2,000"
2547612523,현대홈타운,매매,15/20,"12억 3,000",79,59,동향,"12억 3,000"
2547588967,현대홈타운,매매,4/20,15억,107,84,남향,15억
2547408520,현대홈타운,매매,3/20,14억,107,84,남서향,14억
2547407163,현대홈타운,매매,1/20,"12억 5,000",107,84,남서향,"12억 5,000"
2547290692,현대홈타운,전세,6/20,"5억 9,000",107,84,남향,"5억 9,000"
2546878234,현대홈타운,매매,18/20,15억,107,84,남서향,15억
2546927249,현대홈타운,매매,11/20,"13억 9,000",139,113,남동향,"13억 9,000"
2546819189,현대홈타운,매매,15/20,"12억 3,000",79,59,동향,"12억 3,000"
2546733504,현대홈타운,매매,2/20,"12억 2,000",79,59,동향,"12억 2,000"
2547776817,현대홈타운,매매,중/20,14억,107,84,남동향,14억
2547593017,현대홈타운,매매,중/20,"14억 5,000",139,113,동향,"14억 8,000"
2546090472,현대홈타운,매매,9/20,"14억 2,000",139,113,동향,"14억 2,000"
2546928722,현대홈타운,매매,중/20,"14억 8,000",139,113,동향,"14억 8,000"
2548810931,현대홈타운,매매,고/20,15억,107,84,남서향,15억
2543815388,현대홈타운,매매,14/20,"15억 5,000",107,84,남동향,"15억 5,000"
2545743969,현대홈타운,매매,1/20,15억,139,113,남향,15억
2548649924,현대홈타운,전세,6/20,"5억 9,000",107,84,남동향,"5억 9,000"
2548096418,현대홈타운,매매,고/20,15억,107,84,남서향,15억
2547134424,현대홈타운,매매,13/20,14억,107,84,동향,14억
2544535906,현대홈타운,매매,3/20,14억,107,84,남서향,14억
2548928327,e편한세상마포리버파크,매매,15/17,"23억 6,000",84,59,남서향,"23억 6,000"
2548936346,e편한세상마포리버파크,전세,6/19,"15억 5,000",152,123,남서향,"15억 5,000"
2548968126,e편한세상마포리버파크,전세,6/19,"15억 5,000",152,123,남서향,"15억 5,000"
2548928359,e편한세상마포리버파크,매매,12/17,"23억 5,000",84,59,남서향,"23억 5,000"
2548774349,e편한세상마포리버파크,매매,12/17,"23억 5,000",84,59,남서향,"23억 5,000"
2548808405,e편한세상마포리버파크,매매,1/21,24억,111,84,남동향,24억
2548413767,e편한세상마포리버파크,매매,15/17,"23억 6,000",84,59,남서향,"23억 6,000"
2548467825,e편한세상마포리버파크,매매,4/21,"26억 5,000",111,84,남동향,"26억 5,000"
2548502951,e편한세상마포리버파크,매매,4/20,22억,84,59,남동향,22억
2548449682,e편한세상마포리버파크,매매,12/17,"23억 5,000",84,59,남서향,"23억 5,000"
2548467260,e편한세상마포리버파크,매매,12/17,"23억 5,000",84,59,남서향,"23억 5,000"
2548290895,e편한세상마포리버파크,매매,4/20,22억,84,59,남동향,22억
2548023606,e편한세상마포리버파크,매매,15/17,"23억 6,000",84,59,남서향,"23억 6,000"
2548928402,e편한세상마포리버파크,매매,중/21,28억,112,84,남향,28억
2548978224,e편한세상마포리버파크,매매,중/21,28억,112,84,남향,28억
2548720282,e편한세상마포리버파크,매매,중/21,28억,112,84,남향,28억
2548787543,e편한세상마포리버파크,매매,중/21,28억,112,84,남향,28억
2548904180,e편한세상마포리버파크,매매,중/21,28억,112,84,남향,28억
2548413663,e편한세상마포리버파크,매매,중/21,28억,112,84,남향,28억
2547070337,e편한세상마포리버파크,매매,12/17,"23억 5,000",84,59,남서향,"23억 5,000"
2547068197,e편한세상마포리버파크,매매,4/21,"26억 5,000",111,84,남동향,"26억 5,000"
2548991911,e편한세상마포리버파크,매매,1/21,24억,111,84,남동향,24억
2549048098,e편한세상마포리버파크,매매,15/17,"23억 6,000",84,59,남서향,"23억 6,000"
2548924844,e편한세상마포리버파크,매매,1/21,24억,111,84,남동향,24억
2548924502,e편한세상마포리버파크,전세,6/19,"15억 5,000",152,123,남서향,"15억 5,000"
2548269236,e편한세상마포리버파크,매매,중/21,28억,112,84,남향,28억
2548720600,e편한세상마포리버파크,매매,1/21,24억,111,84,남동향,24억
2548750545,e편한세상마포리버파크,전세,6/19,"15억 5,000",152,123,남서향,"15억 5,000"
2548720401,e편한세상마포리버파크,매매,4/21,"26억 5,000",111,84,남동향,"26억 5,000"
2548734528,e편한세상마포리버파크,매매,1/21,24억,111,84,남동향,24억
2548720148,e편한세상마포리버파크,전세,6/19,"15억 5,000",152,123,남서향,"15억 5,000"
2548390153,e편한세상마포리버파크,매매,4/21,"26억 5,000",111,84,남동향,"26억 5,000"
2548530808,e편한세상마포리버파크,매매,8/21,28억,112,84,남향,28억
2548587960,e편한세상마포리버파크,매매,4/21,"26억 5,000",111,84,남서향,"26억 5,000"
2548591745,e편한세상마포리버파크,매매,12/17,"23억 5,000",84,59,남서향,"23억 5,000"
2548591593,e편한세상마포리버파크,전세,6/19,"15억 5,000",152,123,남서향,"15억 5,000"
2548466415,e편한세상마포리버파크,전세,6/19,"15억 5,000",152,123,남서향,"15억 5,000"
2548599837,e편한세상마포리버파크,매매,12/17,"23억 5,000",84,59,남서향,"23억 5,000"
2548470345,e편한세상마포리버파크,매매,1/21,24억,111,84,남동향,24억
2548390416,e편한세상마포리버파크,전세,6/19,"15억 5,000",152,123,남서향,"15억 5,000"
2548390099,e편한세상마포리버파크,매매,1/21,24억,111,84,남동향,24억
2548537858,e편한세상마포리버파크,매매,12/17,"23억 5,000",84,59,남서향,"23억 5,000"
2548267851,e편한세상마포리버파크,매매,4/21,"26억 5,000",111,84,남동향,"26억 5,000"
2548289755,e편한세상마포리버파크,매매,4/21,"26억 5,000",111,84,남동향,"26억 5,000"
2548268892,e편한세상마포리버파크,매매,12/17,"23억 5,000",84,59,남서향,"23억 5,000"
2548268456,e편한세상마포리버파크,매매,1/21,24억,111,84,남동향,24억
2548149033,e편한세상마포리버파크,전세,6/19,"15억 5,000",152,123,남서향,"15억 5,000"
2547875698,e편한세상마포리버파크,매매,4/21,"26억 5,000",111,84,남동향,"26억 5,000"
2547924224,e편한세상마포리버파크,전세,6/19,"15억 5,000",152,123,남서향,"15억 5,000"
2547875360,e편한세상마포리버파크,매매,1/21,24억,111,84,남동향,24억
2547604521,e편한세상마포리버파크,매매,15/17,"23억 6,000",84,59,남동향,"23억 6,000"
2547728366,e편한세상마포리버파크,매매,12/17,"23억 5,000",84,59,남서향,"23억 5,000"
2547650016,e편한세상마포리버파크,매매,1/21,24억,111,84,남동향,24억
2547342165,e편한세상마포리버파크,매매,15/17,"23억 6,000",84,59,남서향,"23억 6,000"
2547340561,e편한세상마포리버파크,매매,15/17,"23억 6,000",84,59,남서향,"23억 6,000"
2548587834,e편한세상마포리버파크,매매,중/21,28억,112,84,남향,28억
2548541353,e편한세상마포리버파크,매매,중/21,28억,112,84,남향,28억
2548611119,e편한세상마포리버파크,매매,중/21,28억,112,84,남향,28억
2547075904,e편한세상마포리버파크,매매,15/17,"23억 6,000",84,59,남서향,"23억 6,000"
2547152852,e편한세상마포리버파크,매매,15/17,"23억 6,000",84,59,남서향,"23억 6,000"
2546776542,e편한세상마포리버파크,매매,12/17,"23억 5,000",84,59,남서향,"23억 5,000"
2547580770,e편한세상마포리버파크,매매,중/21,28억,112,84,남향,28억
2546001441,e편한세상마포리버파크,매매,1/21,24억,111,84,남동향,24억
2547075047,e편한세상마포리버파크,매매,중/21,28억,112,84,남향,28억
2547069631,e편한세상마포리버파크,전세,저/19,"15억 5,000",152,123,남서향,"15억 5,000"
2545085523,e편한세상마포리버파크,매매,1/21,24억,111,84,남동향,24억
2544845256,e편한세상마포리버파크,매매,15/17,"23억 6,000",84,59,남서향,"23억 6,000"
2544637455,e편한세상마포리버파크,매매,15/17,"23억 6,000",84,59,남서향,"23억 6,000"
2545835621,e편한세상마포리버파크,매매,중/21,28억,112,84,남향,28억
2543555366,e편한세상마포리버파크,매매,4/21,"26억 5,000",111,84,남동향,"26억 5,000"
2543509086,e편한세상마포리버파크,매매,15/17,"23억 6,000",84,59,남서향,"23억 6,000"
2543077434,e편한세상마포리버파크,매매,1/21,24억,111,84,남동향,24억
2542973296,e편한세상마포리버파크,매매,1/21,24억,111,84,남동향,24억
2544152214,e편한세상마포리버파크,매매,저/21,"26억 5,000",111,84,남동향,"26억 5,000"
2548983646,e편한세상마포리버파크,매매,4/21,"26억 5,000",111,84,남동향,"26억 5,000"
2548600555,e편한세상마포리버파크,매매,4/21,"26억 5,000",111,84,남동향,"26억 5,000"
2547654481,e편한세상마포리버파크,매매,1/21,24억,111,84,남동향,24억
2547584832,e편한세상마포리버파크,매매,12/17,"23억 5,000",84,59,남서향,"23억 5,000"
2547180322,e편한세상마포리버파크,매매,12/17,"23억 5,000",84,59,남서향,"23억 5,000"
2547181120,e편한세상마포리버파크,전세,6/19,"15억 5,000",152,123,남동향,"15억 5,000"
2547122811,e편한세상마포리버파크,매매,12/17,"23억 5,000",84,59,남서향,"23억 5,000"
